{
    "k": 43,
    "theta": {
        "is_hashed_rank_bonus": 3.9473841593978363,
        "give_check_rank_bonus": 4.683975691121834,
        "is_pv_node_rank_bonus": 17.78694886099395,
        "give_promotion_rank_bonus_queen": 16.753485871449247,
        "give_promotion_rank_bonus_knight": 6.1736333349806145,
        "your_turn_bonus": 19.308965395356406,
        "undeveloped_knight_malus": 30.608498006454916,
        "undeveloped_bishop_malus": 31.481317738423378,
        "undeveloped_king_malus": 53.72297594026033,
        "rook_open_file": 27.441982470067543,
        "rook_half_open_file": 21.400148031396746,
        "bishop_pair_bonus": 47.73521841729226,
        "rook_doubled_bonus": 24.657204483055086,
        "rook_behind_passed_pawn_middlegame": 12.790987443784637,
        "rook_behind_passed_pawn_endgame": 38.13036727078126,
        "king_ring_attack_knight": 1.062965860578125,
        "king_ring_attack_bishop": 0.9867222265299899,
        "king_ring_attack_rook": 2.046005737392101,
        "king_ring_attack_queen": 4.204914201877593,
        "protected_passed_pawn_middlegame": 11.842446802616456,
        "protected_passed_pawn_endgame": 26.68143933613142,
        "king_opposition_bonus": 11.802434536037996,
        "pawn_structure": 5.195124493872231,
        "pawn_supports_knight_outpost": 9.930631039176445,
        "pawn_centered": 13.328877950646747,
        "pawn_undeveloped_malus": 14.82432741010309,
        "pawn_on_last_rank_bonus": 183.46197196916648,
        "pawn_on_before_last_rank_bonus": 103.91079898491098,
        "pawn_on_before_before_last_rank_bonus": 47.45406674150914,
        "pawn_defends_bishop": 23.168930991781707,
        "pawn_double_malus": 13.817680756420627,
        "knight_on_rim_malus": 17.2642318518563,
        "knight_centered": 24.21313186494253,
        "knight_blockes_pawn": 27.75304851798001,
        "bishop_trapped_at_rim_malus": 57.79514967701068,
        "pawn_attacks_opponent_fig": 35.11744309848114,
        "pawn_attacks_opponent_fig_with_tempo": 18.169938824508467,
        "queen_in_attack": 52.774583692483496,
        "queen_in_attack_with_tempo": 29.21625453180505,
        "knight_attacks_bishop": 5.341244876014594,
        "knight_attacks_rook": 16.17024261626636,
        "knight_attacks_bishop_tempo": 8.773675072552658,
        "knight_attacks_rook_tempo": 13.090604084693718,
        "king_pawn_shield": 37.10860025926763,
        "king_piece_shield": 17.153560386142352,
        "king_trapp_at_baseline_malus": 71.00287056207996,
        "king_in_check_malus": 134.94606511205248,
        "king_in_double_check_malus": 337.17281970743477,
        "rook_on_seventh": 32.570211212399855,
        "pawn_isolated_malus": 9.121714438456136,
        "pawn_backward_malus": 11.37035231986259,
        "knight_mobility_factor": 1.8318039045988737,
        "bishop_mobility_factor": 1.2092774913364528,
        "rook_mobility_factor": 1.0448591079192893,
        "lmr_move_threshold": 3.039176415059447,
        "king_open_file_malus": 37.415528843249334,
        "king_half_open_file_malus": 19.798316562940826,
        "king_ring_defender_value": 0.977349771908988,
        "threat_minor_attacks_rook": 12.997360451421434,
        "threat_minor_attacks_queen": 23.5562509175957,
        "threat_rook_attacks_queen": 19.924811332351513,
        "lmr_divisor": 147.80487772292057,
        "king_pawn_shield_kingside": 37.34699354758294,
        "king_pawn_shield_queenside": 24.96651821975671,
        "king_piece_shield_kingside": 15.359970040874027,
        "king_piece_shield_queenside": 9.789894481132219,
        "connected_passed_pawn_mg": 15.406330406865376,
        "connected_passed_pawn_eg": 28.86624682189965,
        "knight_outpost_true_mg": 28.702356909040148,
        "knight_outpost_true_eg": 15.08626721582628,
        "bishop_outpost_true_mg": 20.941223328377234,
        "bishop_outpost_true_eg": 10.526422171684226,
        "opposite_bishops_draw_scale": 51.39023699279832,
        "rook_behind_enemy_passed_pawn_mg": 9.994379972691712,
        "rook_behind_enemy_passed_pawn_eg": 23.789617820853444
    },
    "m": {
        "is_hashed_rank_bonus": 0.004218682817794872,
        "give_check_rank_bonus": -0.009157735789747714,
        "is_pv_node_rank_bonus": 0.04289011911895156,
        "give_promotion_rank_bonus_queen": -0.01741694595888655,
        "give_promotion_rank_bonus_knight": -0.004820993895109281,
        "your_turn_bonus": -0.05183718860855031,
        "undeveloped_knight_malus": -0.0883932910847891,
        "undeveloped_bishop_malus": -0.06433421259570213,
        "undeveloped_king_malus": 0.015725335955146913,
        "rook_open_file": 0.05155674705731595,
        "rook_half_open_file": 0.00263668347651816,
        "bishop_pair_bonus": 0.16586166555447868,
        "rook_doubled_bonus": -0.026311651422875143,
        "rook_behind_passed_pawn_middlegame": -0.03369324387179979,
        "rook_behind_passed_pawn_endgame": 0.11660226815628941,
        "king_ring_attack_knight": 0.001684648863077372,
        "king_ring_attack_bishop": -0.0011602501166765042,
        "king_ring_attack_rook": -0.0014197053897346628,
        "king_ring_attack_queen": -0.0032770367292249804,
        "protected_passed_pawn_middlegame": -0.0006500982867462713,
        "protected_passed_pawn_endgame": 0.10542049701968195,
        "king_opposition_bonus": 0.0016503591982221602,
        "pawn_structure": -0.0001696253467140768,
        "pawn_supports_knight_outpost": -0.007401135135061632,
        "pawn_centered": -0.021897890901890732,
        "pawn_undeveloped_malus": 0.013716142659294269,
        "pawn_on_last_rank_bonus": 0.13066742805971976,
        "pawn_on_before_last_rank_bonus": -0.06376504214310058,
        "pawn_on_before_before_last_rank_bonus": 0.07011508843510159,
        "pawn_defends_bishop": -0.014499012585136955,
        "pawn_double_malus": -0.03739913387368826,
        "knight_on_rim_malus": -0.001585998973286055,
        "knight_centered": 0.04319548001643169,
        "knight_blockes_pawn": 0.013740103891014235,
        "bishop_trapped_at_rim_malus": 0.11328632608719909,
        "pawn_attacks_opponent_fig": 0.018601224917863604,
        "pawn_attacks_opponent_fig_with_tempo": -0.03985876799354087,
        "queen_in_attack": 0.03351307754489148,
        "queen_in_attack_with_tempo": -0.06076031317549886,
        "knight_attacks_bishop": 0.015474862267145967,
        "knight_attacks_rook": 0.0015768735539977985,
        "knight_attacks_bishop_tempo": -0.009562438814543299,
        "knight_attacks_rook_tempo": -0.011873937076704831,
        "king_pawn_shield": -0.11424503405814926,
        "king_piece_shield": 0.012785760545816267,
        "king_trapp_at_baseline_malus": -0.14909263652713783,
        "king_in_check_malus": -0.08138707494921457,
        "king_in_double_check_malus": -0.7783502726410381,
        "rook_on_seventh": 0.04585734876548196,
        "pawn_isolated_malus": 0.007341377321690851,
        "pawn_backward_malus": -0.015343549911242378,
        "knight_mobility_factor": -0.006910647646779378,
        "bishop_mobility_factor": 0.005681640531089525,
        "rook_mobility_factor": 0.0024405301546593615,
        "lmr_move_threshold": 0.0003014716635968333,
        "king_open_file_malus": 0.0245948298183264,
        "king_half_open_file_malus": 0.005771411670679019,
        "king_ring_defender_value": -0.0006479396297740176,
        "threat_minor_attacks_rook": 0.00916458288467157,
        "threat_minor_attacks_queen": -0.020578151736888615,
        "threat_rook_attacks_queen": -0.01285691531796361,
        "lmr_divisor": -0.3295369486529185,
        "king_pawn_shield_kingside": -0.07720039842203819,
        "king_pawn_shield_queenside": -0.03209681884827057,
        "king_piece_shield_kingside": 0.022641572605675685,
        "king_piece_shield_queenside": -0.0064939403104070795,
        "connected_passed_pawn_mg": 0.04006339644649101,
        "connected_passed_pawn_eg": -0.05945567093094836,