{
    "k": 30,
    "theta": {
        "is_hashed_rank_bonus": 3.035987783508536,
        "give_check_rank_bonus": 4.97277630451252,
        "is_pv_node_rank_bonus": 14.939395193489107,
        "give_promotion_rank_bonus_queen": 15.042740996311485,
        "give_promotion_rank_bonus_knight": 5.9779525255863355,
        "your_turn_bonus": 20.024142531293176,
        "undeveloped_knight_malus": 41.97055095469052,
        "undeveloped_bishop_malus": 30.018011478105805,
        "undeveloped_king_malus": 55.0224809279916,
        "rook_open_file": 34.96896644807013,
        "rook_half_open_file": 17.974023526066812,
        "bishop_pair_bonus": 39.99195702415534,
        "rook_doubled_bonus": 20.02447818893265,
        "rook_behind_passed_pawn_middlegame": 15.062721493522725,
        "rook_behind_passed_pawn_endgame": 30.010888331288225,
        "king_ring_attack_knight": 1.0188843880382703,
        "king_ring_attack_bishop": 1.0336473294484725,
        "king_ring_attack_rook": 2.012697628641403,
        "king_ring_attack_queen": 4.002292070646867,
        "protected_passed_pawn_middlegame": 11.968918219214517,
        "protected_passed_pawn_endgame": 24.049480546668672,
        "king_opposition_bonus": 12.020796226544606,
        "pawn_structure": 4.986557391884066,
        "pawn_supports_knight_outpost": 11.973710562189533,
        "pawn_centered": 12.05511274774968,
        "pawn_undeveloped_malus": 12.059086583968794,
        "pawn_on_last_rank_bonus": 180.00220289224296,
        "pawn_on_before_last_rank_bonus": 109.99655673108141,
        "pawn_on_before_before_last_rank_bonus": 39.99453532029912,
        "pawn_defends_bishop": 19.99183914855445,
        "pawn_double_malus": 15.981334327584761,
        "knight_on_rim_malus": 16.014847298746634,
        "knight_centered": 20.00902628075823,
        "knight_blockes_pawn": 23.9766763411782,
        "bishop_trapped_at_rim_malus": 49.97509804099603,
        "pawn_attacks_opponent_fig": 34.9891160377288,
        "pawn_attacks_opponent_fig_with_tempo": 14.989688706483806,
        "queen_in_attack": 60.009200349482064,
        "queen_in_attack_with_tempo": 30.009285829311278,
        "knight_attacks_bishop": 4.992682686383571,
        "knight_attacks_rook": 15.06855077239108,
        "knight_attacks_bishop_tempo": 9.94415293887444,
        "knight_attacks_rook_tempo": 10.024152288390217,
        "king_pawn_shield": 39.98248691344831,
        "king_piece_shield": 14.998861886949845,
        "king_trapp_at_baseline_malus": 75.01613929944556,
        "king_in_check_malus": 139.98886243920143,
        "king_in_double_check_malus": 350.00064398980027,
        "rook_on_seventh": 25.002492491232015,
        "pawn_isolated_malus": 7.977944905030547,
        "pawn_backward_malus": 13.994480931237755,
        "knight_mobility_factor": 2.011275674689984,
        "bishop_mobility_factor": 1.0384198751265976,
        "rook_mobility_factor": 0.9498243414653548,
        "lmr_depth_threshold": 2.9948669822767764,
        "lmr_move_threshold": 3.020711806072133,
        "king_open_file_malus": 39.974092232965376,
        "king_half_open_file_malus": 19.993193546103104,
        "king_ring_defender_value": 0.9916321315598662,
        "threat_minor_attacks_rook": 14.990182433789366,
        "threat_minor_attacks_queen": 29.95360468033234,
        "threat_rook_attacks_queen": 19.952628271464047
    }
}