{
    "k": 5,
    "theta": {
        "is_hashed_rank_bonus": 2.991420979540241,
        "give_check_rank_bonus": 5.006439058527075,
        "is_pv_node_rank_bonus": 15.01101383604746,
        "give_promotion_rank_bonus_queen": 15.01101383604746,
        "give_promotion_rank_bonus_knight": 5.993560941472925,
        "your_turn_bonus": 19.988986163952536,
        "undeveloped_knight_malus": 41.98898616395253,
        "undeveloped_bishop_malus": 29.993560941472925,
        "undeveloped_king_malus": 54.98898616395253,
        "rook_open_file": 34.98898616395253,
        "rook_half_open_file": 17.99599575706063,
        "bishop_pair_bonus": 39.99142097954024,
        "rook_doubled_bonus": 19.99142097954024,
        "rook_behind_passed_pawn_middlegame": 15.006439058527075,
        "rook_behind_passed_pawn_endgame": 30.006439058527075,
        "king_ring_attack_knight": 1.0040042429393736,
        "king_ring_attack_bishop": 1.0085790204597593,
        "king_ring_attack_rook": 1.9959957570606264,
        "king_ring_attack_queen": 3.988986163952539,
        "protected_passed_pawn_middlegame": 11.993560941472925,
        "protected_passed_pawn_endgame": 23.993560941472925,
        "king_opposition_bonus": 11.99142097954024,
        "pawn_structure": 4.995995757060626,
        "pawn_supports_knight_outpost": 11.98898616395254,
        "pawn_centered": 12.01101383604746,
        "pawn_undeveloped_malus": 11.995995757060626,
        "pawn_on_last_rank_bonus": 179.98898616395255,
        "pawn_on_before_last_rank_bonus": 110.00857902045976,
        "pawn_on_before_before_last_rank_bonus": 40.004004242939374,
        "pawn_defends_bishop": 20.011013836047464,
        "pawn_double_malus": 16.00857902045976,
        "knight_on_rim_malus": 15.99142097954024,
        "knight_centered": 19.993560941472925,
        "knight_blockes_pawn": 23.99599575706063,
        "bishop_trapped_at_rim_malus": 49.98898616395253,
        "pawn_attacks_opponent_fig": 35.01101383604747,
        "pawn_attacks_opponent_fig_with_tempo": 15.006439058527075,
        "queen_in_attack": 60.004004242939374,
        "queen_in_attack_with_tempo": 30.00400424293937,
        "knight_attacks_bishop": 5.006439058527075,
        "knight_attacks_rook": 14.995995757060626,
        "knight_attacks_bishop_tempo": 9.98898616395254,
        "knight_attacks_rook_tempo": 9.98898616395254,
        "king_pawn_shield": 40.004004242939374,
        "king_piece_shield": 15.01101383604746,
        "king_trapp_at_baseline_malus": 75.00857902045976,
        "king_in_check_malus": 140.01101383604745,
        "king_in_double_check_malus": 350.0110138360474,
        "rook_on_seventh": 24.988986163952536,
        "pawn_isolated_malus": 7.991420979540241,
        "pawn_backward_malus": 13.99142097954024,
        "knight_mobility_factor": 2.004004242939373,
        "bishop_mobility_factor": 0.9914209795402408,
        "rook_mobility_factor": 1.0110138360474612,
        "lmr_depth_threshold": 3.008579020459759,
        "lmr_move_threshold": 3.011013836047461
    }
}