{
    "k": 32,
    "theta": {
        "is_hashed_rank_bonus": 4.006645671310623,
        "give_check_rank_bonus": 4.864039161335283,
        "is_pv_node_rank_bonus": 16.274693472483047,
        "give_promotion_rank_bonus_queen": 17.631242569552825,
        "give_promotion_rank_bonus_knight": 6.260114043825526,
        "your_turn_bonus": 20.612840769001554,
        "undeveloped_knight_malus": 32.107772214136986,
        "undeveloped_bishop_malus": 33.19567599580861,
        "undeveloped_king_malus": 53.62735496565602,
        "rook_open_file": 27.19629450588841,
        "rook_half_open_file": 21.110180181779054,
        "bishop_pair_bonus": 45.5549277330552,
        "rook_doubled_bonus": 24.31814510560344,
        "rook_behind_passed_pawn_middlegame": 14.236581730477319,
        "rook_behind_passed_pawn_endgame": 39.54798812629022,
        "king_ring_attack_knight": 0.9705836942487224,
        "king_ring_attack_bishop": 0.9796968538979601,
        "king_ring_attack_rook": 1.940076370402313,
        "king_ring_attack_queen": 4.331556082933194,
        "protected_passed_pawn_middlegame": 12.924382433593188,
        "protected_passed_pawn_endgame": 24.8007401223526,
        "king_opposition_bonus": 11.331617141286106,
        "pawn_structure": 4.608464216384494,
        "pawn_supports_knight_outpost": 9.759970988487083,
        "pawn_centered": 14.110822158850473,
        "pawn_undeveloped_malus": 15.440280248556729,
        "pawn_on_last_rank_bonus": 181.37901453746656,
        "pawn_on_before_last_rank_bonus": 103.01781682271285,
        "pawn_on_before_before_last_rank_bonus": 42.174520534913604,
        "pawn_defends_bishop": 26.003429615728546,
        "pawn_double_malus": 13.446754956349709,
        "knight_on_rim_malus": 16.788696995364656,
        "knight_centered": 23.116223967824336,
        "knight_blockes_pawn": 25.74041170862856,
        "bishop_trapped_at_rim_malus": 58.018064455574155,
        "pawn_attacks_opponent_fig": 30.51924183783598,
        "pawn_attacks_opponent_fig_with_tempo": 17.036391539621036,
        "queen_in_attack": 50.56560865866467,
        "queen_in_attack_with_tempo": 29.893060979955273,
        "knight_attacks_bishop": 5.3533898890342275,
        "knight_attacks_rook": 14.33610701614926,
        "knight_attacks_bishop_tempo": 8.945990914040006,
        "knight_attacks_rook_tempo": 13.914002574559756,
        "king_pawn_shield": 45.95187628508141,
        "king_piece_shield": 16.03831531733879,
        "king_trapp_at_baseline_malus": 67.69301396053052,
        "king_in_check_malus": 136.83669167316083,
        "king_in_double_check_malus": 345.6655711740274,
        "rook_on_seventh": 32.122816319891044,
        "pawn_isolated_malus": 9.709372151005095,
        "pawn_backward_malus": 12.327835066677128,
        "knight_mobility_factor": 2.1784155020227436,
        "bishop_mobility_factor": 1.0778374279775704,
        "rook_mobility_factor": 0.9545913675012064,
        "lmr_move_threshold": 2.9901919764671776,
        "king_open_file_malus": 38.10293087326195,
        "king_half_open_file_malus": 20.46779434034103,
        "king_ring_defender_value": 0.9862387757209193,
        "threat_minor_attacks_rook": 12.764659745899802,
        "threat_minor_attacks_queen": 24.81249712646471,
        "threat_rook_attacks_queen": 17.33873407568495,
        "easy_move_margin": 152.25323430952005
    }
}